1SmS6fVhd9P_YVf7Ii0ci2UDOvyIZrvwy;1131857;2020-07-22 21:33:21.165766
1aKOIaCbVvaGKEoUlfBCJwVoQaDGkBiYF;1140652;2020-07-22 21:33:21.166762
1VwkYNu2ZJPoSJgB9lyWIE7RCvFJKeTeC;1130761;2020-07-22 21:33:21.167761
1hxMh2wgHO0_QB_ZOUYdY6xhiDoXnYfoi;1140864;2020-07-22 21:33:22.446232
1I5zkUL4WC9ARIK_jo5ErXRzklK4Q83ww;1132100;2020-07-22 21:33:22.473239
15MzF1Yu4gSTQILHj-cnsJtwWbSpjCBj4;1142674;2020-07-22 21:33:24.285062
1Zco8GvSGlUscTrObs6KxFuCgY37iShj-;1150588;2020-07-22 21:33:24.296065
1WHdv2OSFNrQsobHRSDUikr_YrPSDLYue;1152853;2020-07-22 21:33:24.303063
1LXgKA0yB3ySupPazyK1MXAlBsXOO1LCx;1154876;2020-07-22 21:33:25.440175
14f3UjmJmngq81q0Xo18GH_QtfFZQ20Cp;1154198;2020-07-22 21:33:25.443173
1-vyxjARYmvKEznPcm1UeXheONiXBvlKw;1158594;2020-07-22 21:33:26.727900
1nuAIk61YVMkeegdsM7O6D3QFRwEy1Spg;1167156;2020-07-22 21:33:26.753901
1ZnxgNsQIJKSOm2ggRLis8nUAEz1KLvQj;1165284;2020-07-22 21:33:26.757905
1eGKBjNQtParXkxpWJZQeV3ShQdQTjM8w;1167239;2020-07-22 21:33:27.824965
1yXo9kFu4Qq_VwnuTyj5xq-6mm17bALSk;1167213;2020-07-22 21:33:27.853958
1U8Er3BKb2-Hx1hlOBhDg0VHm75_PyUIi;1167386;2020-07-22 21:33:29.612397
16jd8T5J-XnmLBqanwipbHZ4cc9tTeaKl;1167357;2020-07-22 21:33:29.616397
15QSd_xllTZ3M3dd17EflQ9GElCz8vG-I;1167542;2020-07-22 21:33:29.618399
1PnElDewFmvR5LIzjG4x04AfsC7f13rSp;1167554;2020-07-22 21:33:30.944271
1ShNMlbDw-D9JvLUcq3U36yLrx3NzdyaS;1167609;2020-07-22 21:33:30.959270
