,table,min_date
0,GLOBAL_FINANCES.mx_DISCOUNT_DETAILS,"0   2020-06-04 17:58:09.708000-05:00
Name: MIN(LOADED_AT), dtype: datetime64[ns, pytz.FixedOffset(-300)]"
1,GLOBAL_FINANCES.mx_ORDER_DETAILS,"0   2015-12-01 08:04:17+00:00
Name: MIN(CREATED_AT), dtype: datetime64[ns, UTC]"
2,mx_core_orders_public.order_discount_details,"0   2015-12-16 12:48:56+00:00
Name: MIN(CREATED_AT), dtype: datetime64[ns, UTC]"
3,mx_core_orders_public.order_discounts,"0   2015-12-01 08:23:00+00:00
Name: MIN(CREATED_AT), dtype: datetime64[ns, UTC]"
4,mx_core_orders_public.order_product,"0   2019-07-01 19:34:28.146000+00:00
Name: MIN(_FIVETRAN_SYNCED), dtype: datetime64[ns, UTC]"
5,mx_core_orders_public.order_reference_point,"0   2017-05-19 01:04:56
Name: MIN(CREATED_AT), dtype: datetime64[ns]"
6,mx_core_orders_public.order_whims,"0   2015-12-01 08:29:56+00:00
Name: MIN(CREATED_AT), dtype: datetime64[ns, UTC]"
7,mx_core_orders_public.orders,"0   2015-12-01 08:04:17+00:00
Name: MIN(CREATED_AT), dtype: datetime64[ns, UTC]"
8,mx_grability_public.city_addresses,"0   2020-04-09 16:19:03.390000+00:00
Name: MIN(_FIVETRAN_SYNCED), dtype: datetime64[ns, UTC]"
9,mx_grability_public.products,"0   2020-04-09 12:59:33.516000+00:00
Name: MIN(_FIVETRAN_SYNCED), dtype: datetime64[ns, UTC]"
10,mx_grability_public.store_brands,"0   2020-04-09 13:45:30.884000+00:00
Name: MIN(_FIVETRAN_SYNCED), dtype: datetime64[ns, UTC]"
11,mx_grability_public.store_place_information,"0   2020-04-09 00:28:18.800000+00:00
Name: MIN(_FIVETRAN_SYNCED), dtype: datetime64[ns, UTC]"
12,mx_grability_public.stores,"0   2017-03-13 10:50:03
Name: MIN(CREATED_AT), dtype: datetime64[ns]"
13,mx_PGLR_MS_PARTNER_PAYMENT_data.global_offers,"0   2019-10-30 18:27:50.095878+00:00
Name: MIN(CREATED_AT), dtype: datetime64[ns, UTC]"
14,mx_PGLR_MS_PARTNER_PAYMENT_PUBLIC.adjustment_reasons,"0   2019-10-31 00:31:44.236000+00:00
Name: MIN(_FIVETRAN_SYNCED), dtype: datetime64[ns, UTC]"
15,mx_PGLR_MS_PARTNER_PAYMENT_PUBLIC.adjustments,"0   2019-11-27 01:12:42.930968+00:00
Name: MIN(CREATED_AT), dtype: datetime64[ns, UTC]"
16,mx_PGLR_MS_PARTNER_PAYMENT_PUBLIC.balance_requests,"0   2019-11-19 22:56:22.665074+00:00
Name: MIN(CREATED_AT), dtype: datetime64[ns, UTC]"
17,mx_PGLR_MS_PARTNER_PAYMENT_PUBLIC.contract_conditions,"0   2019-01-01 06:00:00+00:00
Name: MIN(CREATED_AT), dtype: datetime64[ns, UTC]"
18,mx_PGLR_MS_PARTNER_PAYMENT_PUBLIC.contracts,"0   2019-11-12 20:05:50.747866+00:00
Name: MIN(CREATED_AT), dtype: datetime64[ns, UTC]"
19,mx_PGLR_MS_PARTNER_PAYMENT_PUBLIC.PAID_LOT,"0   2019-11-19 22:56:33.481864+00:00
Name: MIN(CREATED_AT), dtype: datetime64[ns, UTC]"
20,mx_PGLR_MS_PARTNER_PAYMENT_PUBLIC.store_contracts,"0   2017-01-10 05:00:00+00:00
Name: MIN(CREATED_AT), dtype: datetime64[ns, UTC]"
21,mx_PGLR_MS_PARTNER_PAYMENT_PUBLIC.STORE_PAYMENT_REFERENCES,"0   2019-11-22 03:13:47.879185+00:00
Name: MIN(CREATED_AT), dtype: datetime64[ns, UTC]"
22,mx_PGLR_MS_PARTNER_PAYMENT_PUBLIC.stores,"0   2019-12-12 04:55:36.928000+00:00
Name: MIN(_FIVETRAN_SYNCED), dtype: datetime64[ns, UTC]"
23,mx_PGLR_MS_PARTNER_PAYMENT_PUBLIC.transactions,"0   2017-08-07 23:41:11+00:00
Name: MIN(CREATED_AT), dtype: datetime64[ns, UTC]"
